[
    {
        "model": "sites.Site",
        "pk": 1,
        "fields": {
            "domain": "localhost:8000",
            "name": "ToolShare"
        }
    },
    {
        "model": "app.Address",
        "pk": 1,
        "fields": {
            "apt_num": "35B",
            "street": "256 Metro Center Blvd.",
            "city": "Worcester",
            "county": "",
            "state": "MA",
            "country": "USA",
            "zip": "142582458"
        }
    },
    {
        "model": "app.Address",
        "pk": 2,
        "fields": {
            "apt_num": "",
            "street": "22 Central Street",
            "city": "Pasadena",
            "county": "Kent",
            "state": "RI",
            "country": "USA",
            "zip": "02886"
        }
    },
    {
        "model": "app.Address",
        "pk": 3,
        "fields": {
            "apt_num": "",
            "street": "48 Sockanosset Cross Road",
            "city": "Cranston",
            "county": "",
            "state": "RI",
            "country": "USA",
            "zip": "029204587"
        }
    },
    {
        "model": "app.Address",
        "pk": 4,
        "fields": {
            "apt_num": "610",
            "street": "Swen",
            "city": "Rochester",
            "county": "Monroe",
            "state": "NY",
            "country": "USA",
            "zip": "142582458"
        }
    },
    {
        "model": "app.Address",
        "pk": 5,
        "fields": {
            "apt_num": "blank",
            "street": "blankity",
            "city": "blank",
            "county": "blah",
            "state": "NY",
            "country": "Canada",
            "zip": "11235"
        }
    },
    {
        "model": "app.User",
        "pk": 1,
        "fields": {
            "is_active": true,
            "date_joined": "2014-10-10",
            "email": "john.smith@toolshare.com",
            "password": "pbkdf2_sha256$12000$wkhpGxr1AfEa$RyAcqftcQcz35p+0ILlrLiq4kYWzYLbJ6OL/lJrsbKw=",
            "first_name": "John",
            "last_name": "Smith",
            "phone_num": "4013268457",
            "pickup_arrangements": "Knock on the door.",
            "reputation": 0,
            "address": 1
        }
    },
    {
        "model": "app.User",
        "pk": 2,
        "fields": {
            "is_active": true,
            "date_joined": "2014-10-10",
            "email": "cameron@toolshare.com",
            "password": "pbkdf2_sha256$12000$Zo9oeS6rki2D$lsG2fJN4tsxvLSFydHf562XZICTLvRN8L7pjaz0VEPI=",
            "first_name": "Cameron",
            "last_name": "",
            "phone_num": "8589569212",
            "pickup_arrangements": "Pick-up from the garage.",
            "reputation": 0,
            "address": 2
        }
    },
    {
        "model": "app.User",
        "pk": 3,
        "fields": {
            "is_active": true,
            "date_joined": "2014-10-10",
            "email": "rob.chase@toolshare.com",
            "password": "pbkdf2_sha256$12000$NvHcprIKzHYD$UcQQGyhQ853xp/3FO9sq42MdxDKoLKyrBUzyGlveGu8=",
            "first_name": "Robert",
            "last_name": "Chase",
            "phone_num": "",
            "pickup_arrangements": "Back of the bowling alley at midnight",
            "reputation": 0,
            "address": 3
        }
    },
    {
        "model": "app.User",
        "pk": 4,
        "fields": {
            "is_active": true,
            "date_joined": "2014-11-11",
            "email": "zc3896@rit.edu",
            "password": "pbkdf2_sha256$12000$DJDlZCEnBze8$0J7Iye9sKos0HWWs9rw7SqaaIAmfzMkfkN7ctSdQLmU=",
            "first_name": "Mike",
            "last_name": "C",
            "phone_num": "",
            "pickup_arrangements": "Call me beep me if you wanna reach me",
            "reputation": 1337,
            "address": 4
        }
    },
        {
        "model": "app.User",
        "pk": 5,
        "fields": {
            "is_active": true,
            "date_joined": "2014-11-11",
            "email": "tester@toolshare.com",
            "password": "pbkdf2_sha256$12000$RxReTIz4H6uk$uPqChJ04yF8xNDdmZs92fU/UcxwAqjQah3uO0OaVpGc=",
            "first_name": "TestNothing",
            "last_name": "",
            "phone_num": "",
            "pickup_arrangements": "I have nothing shared",
            "reputation": 0,
            "address": 5
        }
    },
    {
        "model": "app.Shed",
        "pk": 1,
        "fields": {
            "owner": "1",
            "name": "Shed1",
            "registered_on": "2014-04-24",
            "address" : "1"
        }
    },
    {
        "model": "app.Shed",
        "pk": 2,
        "fields": {
            "owner": "2",
            "name": "Shed2",
            "registered_on": "2011-11-11",
            "address" : "2"
        }
    },
    {
        "model": "app.Tool",
        "pk": 1,
        "fields": {
            "name": "Scissor",
            "picture": "toolpics/scissor.jpg",
            "description": "A scissor",
            "status": "A",
            "category": "SC",
            "owner": 1,
            "location": "H",
            "shed": null,
            "pickupArrangement": "Knock on the door"
        }
    },
    {
        "model": "app.Tool",
        "pk": 2,
        "fields": {
            "name": "Hammer",
            "picture": "toolpics/hammer.jpg",
            "description": "Hammer time!",
            "status": "A",
            "category": "HA",
            "owner": 1,
            "location": "H",
            "shed": null,
            "pickupArrangement": "Knock on the door"
        }
    },
    {
        "model": "app.Tool",
        "pk": 3,
        "fields": {
            "name": "Wrench",
            "picture": "toolpics/wrench.jpg",
            "description": "This is a wrench",
            "status": "A",
            "category": "WR",
            "owner": 1,
            "location": "H",
            "shed": null,
            "pickupArrangement": "Knock on the door"
        }
    },
    {
        "model": "app.Tool",
        "pk": 4,
        "fields": {
            "name": "Hammer",
            "picture": "toolpics/hammer.jpg",
            "description": "My trusty hammer",
            "status": "A",
            "category": "HA",
            "owner": 1,
            "location": "S",
            "shed": 1,
            "pickupArrangement": "Knock on the door"
        }
    },
    {
        "model": "app.Tool",
        "pk": 5,
        "fields": {
            "name": "Shovel",
            "picture": "toolpics/shovel.jpg",
            "description": "It digs holes",
            "status": "A",
            "category": "SH",
            "owner": 1,
            "location": "S",
            "shed": 1,
            "pickupArrangement": "Knock on the door"
        }
    },
    {
        "model": "app.Tool",
        "pk": 6,
        "fields": {
            "name": "Hammer",
            "picture": "toolpics/hammer.jpg",
            "description": "Very useful hammer...as long as you are worthy.",
            "status": "A",
            "category": "HA",
            "owner": 2,
            "location": "H",
            "shed": null,
            "pickupArrangement": "Pick-up from the garage."
        }
    },
    {
        "model": "app.Tool",
        "pk": 7,
        "fields": {
            "name": "Lawn Mower",
            "picture": "toolpics/lawn mower.jpg",
            "description": "I wish my lawn was emo so it would cut itself. At least I have this lawn mower.",
            "status": "A",
            "category": "LM",
            "owner": 2,
            "location": "S",
            "shed": 2,
            "pickupArrangement": "Pick-up from the garage."
        }
    },
    {
        "model": "app.Tool",
        "pk": 8,
        "fields": {
            "name": "Scizzurp",
            "picture": "toolpics/scissor.jpg",
            "description": "siiizzzzuuurrrrppp",
            "status": "A",
            "category": "SC",
            "owner": 2,
            "location": "H",
            "shed": null,
            "pickupArrangement": "Pick-up from the garage."
        }
    },
    {
        "model": "app.Tool",
        "pk": 9,
        "fields": {
            "name": "Shovel",
            "picture": "toolpics/shovel.jpg",
            "description": "Now I ain't saying she a gold digger. But she ain't messing with no trowel.",
            "status": "A",
            "category": "SH",
            "owner": 2,
            "location": "S",
            "shed": 2,
            "pickupArrangement": "Pick-up from the garage."
        }
    },
    {
        "model": "app.Tool",
        "pk": 10,
        "fields": {
            "name": "Wrench",
            "picture": "toolpics/wrench.jpg",
            "description": "If you can dodge this wrench, you can dodge dodgeballs.",
            "status": "D",
            "category": "WR",
            "owner": 2,
            "location": "H",
            "shed": null,
            "pickupArrangement": "Pick-up from the garage."
        }
    },
    {
        "model": "app.Tool",
        "pk": 11,
        "fields": {
            "name": "Hammer",
            "picture": "toolpics/hammer.jpg",
            "description": "Warning: sometimes shoots out bolts of electricity.",
            "status": "A",
            "category": "HA",
            "owner": 2,
            "location": "S",
            "shed": 2,
            "pickupArrangement": "Pick-up from the garage."
        }
    },
    {
        "model": "app.Tool",
        "pk": 12,
        "fields": {
            "name": "Lawn Mower",
            "picture": "toolpics/lawn mower.jpg",
            "description": "It cuts grass.",
            "status": "A",
            "category": "LM",
            "owner": 2,
            "location": "H",
            "shed": null,
            "pickupArrangement": "Pick-up from the garage."
        }
    },
    {
        "model": "app.Tool",
        "pk": 13,
        "fields": {
            "name": "Sissor",
            "picture": "toolpics/scissor.jpg",
            "description": "Great for arts and crafts!",
            "status": "A",
            "category": "SC",
            "owner": 2,
            "location": "S",
            "shed": 2,
            "pickupArrangement": "Pick-up from the garage."
        }
    },
    {
        "model": "app.Tool",
        "pk": 14,
        "fields": {
            "name": "Shovel",
            "picture": "toolpics/shovel.jpg",
            "description": "Good for digging yourself out of trouble.",
            "status": "D",
            "category": "SH",
            "owner": 2,
            "location": "H",
            "shed": null,
            "pickupArrangement": "Pick-up from the garage."
        }
    },
    {
        "model": "app.Tool",
        "pk": 15,
        "fields": {
            "name": "Wrench",
            "picture": "toolpics/wrench.jpg",
            "description": "The best wrench ever made",
            "status": "A",
            "category": "WR",
            "owner": 2,
            "location": "H",
            "shed": null,
            "pickupArrangement": "Pick-up from the garage."
        }
    },
    {
        "model": "app.Tool",
        "pk": 16,
        "fields": {
            "name": "Hammer",
            "picture": "toolpics/hammer.jpg",
            "description": "It's more a mace than a hammer really.",
            "status": "A",
            "category": "HA",
            "owner": 2,
            "location": "H",
            "shed": null,
            "pickupArrangement": "Pick-up from the garage."
        }
    },
    {
        "model": "app.Tool",
        "pk": 17,
        "fields": {
            "name": "Lawn Mower",
            "picture": "toolpics/lawn mower.jpg",
            "description": "It eats up the green faster than I do.",
            "status": "A",
            "category": "LM",
            "owner": 2,
            "location": "S",
            "shed": 2,
            "pickupArrangement": "Pick-up from the garage."
        }
    },
    {
        "model": "app.Tool",
        "pk": 18,
        "fields": {
            "name": "Sissor",
            "picture": "toolpics/scissor.jpg",
            "description": "Cuts through butter like butter",
            "status": "D",
            "category": "SC",
            "owner": 2,
            "location": "H",
            "shed": null,
            "pickupArrangement": "Pick-up from the garage."
        }
    },
    {
        "model": "app.Tool",
        "pk": 19,
        "fields": {
            "name": "Shovel",
            "picture": "toolpics/shovel.jpg",
            "description": "Retired shovel from my prospecting days.",
            "status": "A",
            "category": "SH",
            "owner": 2,
            "location": "H",
            "shed": null,
            "pickupArrangement": "Pick-up from the garage."
        }
    },
    {
        "model": "app.Tool",
        "pk": 20,
        "fields": {
            "name": "Wrench",
            "picture": "toolpics/wrench.jpg",
            "description": "This wrench was given to me by Tony Stark.",
            "status": "A",
            "category": "WR",
            "owner": 2,
            "location": "S",
            "shed": 2,
            "pickupArrangement": "Pick-up from the garage."
        }
    },
    {
        "model": "app.Tool",
        "pk": 21,
        "fields": {
            "name": "Hammer",
            "picture": "toolpics/hammer.jpg",
            "description": "I found this in a crater.",
            "status": "A",
            "category": "HA",
            "owner": 2,
            "location": "S",
            "shed": 2,
            "pickupArrangement": "Pick-up from the garage."
        }
    },
    {
        "model": "app.Tool",
        "pk": 22,
        "fields": {
            "name": "Lawn Mower",
            "picture": "toolpics/lawn mower.jpg",
            "description": "Cuts grass in no time",
            "status": "A",
            "category": "LM",
            "owner": 2,
            "location": "H",
            "shed": null,
            "pickupArrangement": "Pick-up from the garage."
        }
    },
    {
        "model": "app.Tool",
        "pk": 23,
        "fields": {
            "name": "Sissor",
            "picture": "toolpics/scissor.jpg",
            "description": "Child friendly scissor",
            "status": "A",
            "category": "SC",
            "owner": 2,
            "location": "S",
            "shed": 2,
            "pickupArrangement": "Pick-up from the garage."
        }
    },
    {
        "model": "app.Tool",
        "pk": 24,
        "fields": {
            "name": "Shovel",
            "picture": "toolpics/shovel.jpg",
            "description": "Everyday I'm shovelling",
            "status": "A",
            "category": "SH",
            "owner": 2,
            "location": "H",
            "shed": null,
            "pickupArrangement": "Pick-up from the garage."
        }
    },
    {
        "model": "app.Tool",
        "pk": 25,
        "fields": {
            "name": "Scissor",
            "picture": "toolpics/scissor.jpg",
            "description": "Just a scissor. Works pretty well",
            "status": "A",
            "category": "SC",
            "owner": 3,
            "location": "H",
            "shed": null,
            "pickupArrangement": "Back of the bowling alley at midnight"
        }
    },
    {
        "model": "app.Tool",
        "pk": 26,
        "fields": {
            "name": "Shovel",
            "picture": "toolpics/shovel.jpg",
            "description": "Good for digging holes (based on personal experience)",
            "status": "A",
            "category": "SH",
            "owner": 3,
            "location": "H",
            "shed": null,
            "pickupArrangement": "Back of the bowling alley at midnight"
        }
    },
    {
        "model": "app.Tool",
        "pk": 27,
        "fields": {
            "name": "Wrench",
            "picture": "toolpics/wrench.jpg",
            "description": "Wrench with red rubberized grip",
            "status": "A",
            "category": "WR",
            "owner": 3,
            "location": "H",
            "shed": null,
            "pickupArrangement": "Back of the bowling alley at midnight"
        }
    },
    {
        "model": "app.Tool",
        "pk": 28,
        "fields": {
            "name": "Lawn Mower",
            "picture": "toolpics/lawn mower.jpg",
            "description": "A Snapper brand lawn mower. Serial number: S6W1E0N",
            "status": "A",
            "category": "LM",
            "owner": 3,
            "location": "H",
            "shed": null,
            "pickupArrangement": "Back of the bowling alley at midnight"
        }
    },
        {
        "model": "app.Tool",
        "pk": 29,
        "fields": {
            "name": "Test Tool In Shed",
            "picture": "toolpics/hammer.jpg",
            "description": "John(the shed coordinator) should be able to update this since this is in his shed",
            "status": "A",
            "category": "HA",
            "owner": 4,
            "location": "S",
            "shed": 1,
            "pickupArrangement": "Call me beep me if you wanna reach me"
        }
    },
    {
        "model": "app.Tool",
        "pk": 30,
        "fields": {
            "name": "Test Tool At Home",
            "picture": "toolpics/lawn mower.jpg",
            "description": "John the shed coordinator should not be able to update this tool",
            "status": "A",
            "category": "LM",
            "owner": 4,
            "location": "H",
            "shed": null,
            "pickupArrangement": "Call me beep me if you wanna reach me"
        }
    },
    {
        "model": "app.Reservation",
        "pk": 1,
        "fields": {
            "user": 1,
            "tool": 1,
            "from_date": "2014-12-01",
            "to_date": "2014-12-10",
            "status": "P"
        }
    },
    {
        "model": "app.Reservation",
        "pk": 2,
        "fields": {
            "user": 2,
            "tool": 2,
            "from_date": "2014-12-01",
            "to_date": "2014-12-10",
            "status": "P"
        }
    },
    {
        "model": "app.Reservation",
        "pk": 3,
        "fields": {
            "user": 3,
            "tool": 3,
            "from_date": "2014-12-01",
            "to_date": "2014-12-10",
            "status": "P"
        }
    },
    {
        "model": "app.Reservation",
        "pk": 4,
        "fields": {
            "user": 1,
            "tool": 1,
            "from_date": "2014-12-11",
            "to_date": "2015-11-11",
            "status": "A"
        }
    },
    {
        "model": "app.Reservation",
        "pk": 5,
        "fields": {
            "user": 1,
            "tool": 1,
            "from_date": "2014-12-12",
            "to_date": "2015-10-10",
            "status": "R"
        }
    },
    {
        "model": "app.Reservation",
        "pk": 6,
        "fields": {
            "user": 1,
            "tool": 11,
            "from_date": "2014-11-22",
            "to_date": "2014-11-30",
            "status": "P"
        }
    },
    {
        "model": "app.Reservation",
        "pk": 7,
        "fields": {
            "user": 2,
            "tool": 2,
            "from_date": "2014-11-01",
            "to_date": "2015-11-01",
            "status": "A"
        }
    },
    {
        "model": "app.Reservation",
        "pk": 8,
        "fields": {
            "user": 2,
            "tool": 2,
            "from_date": "2015-02-02",
            "to_date": "2015-02-10",
            "status": "A"
        }
    },
    {
        "model": "app.Reservation",
        "pk": 9,
        "fields": {
            "user": 1,
            "tool": 1,
            "from_date": "2015-11-12",
            "to_date": "2015-11-22",
            "status": "P"
        }
    },
    {
        "model": "app.Reservation",
        "pk": 10,
        "fields": {
            "user": 3,
            "tool": 3,
            "from_date": "2015-01-01",
            "to_date": "2015-02-02",
            "status": "A"
        }
    },
    {
        "model": "app.Reservation",
        "pk": 11,
        "fields": {
            "user": 2,
            "tool": 1,
            "from_date": "2014-11-01",
            "to_date": "2015-12-01",
            "status": "A"
        }
    },
    {
        "model": "app.Reservation",
        "pk": 12,
        "fields": {
            "user": 2,
            "tool": 3,
            "from_date": "2014-11-01",
            "to_date": "2015-10-01",
            "status": "A"
        }
    },
    {
        "model": "app.Reservation",
        "pk": 13,
        "fields": {
            "user": 2,
            "tool": 4,
            "from_date": "2014-11-01",
            "to_date": "2014-11-30",
            "status": "A"
        }
    },
    {
        "model": "app.BlackoutDate",
        "pk": 1,
        "fields": {
            "tool": 1,
            "blackoutStart": "1991-11-11",
            "blackoutEnd": "1991-12-12"
        }
    },
    {
        "model": "app.BlackoutDate",
        "pk": 2,
        "fields": {
            "tool": 1,
            "blackoutStart": "2015-11-11",
            "blackoutEnd": "2015-12-12"
        }
    },
    {
        "model": "app.BlackoutDate",
        "pk": 3,
        "fields": {
            "tool": 2,
            "blackoutStart": "2014-11-11",
            "blackoutEnd": "2014-12-12"
        }
    }
]